timestamp,open,high,low,close,volume
2022-01-01,100.0844192415504,100.18125053387485,99.81902396950464,100.0018452470607,85114
2022-01-02,100.63077303799022,100.64765689816993,100.27930082847867,100.45097739230933,19206
2022-01-03,100.17803146026928,100.24918650508118,99.95606121224202,100.03876426465557,75075
2022-01-04,98.37965934456427,99.70866804678435,98.27235925042363,98.71124548221934,121402
2022-01-05,98.2222035510408,98.2222035510408,97.65419657174579,98.04031916991606,193835
2022-01-06,96.36521917217392,97.45098408155683,96.33216601897877,96.5927914571006,149636
2022-01-07,96.4386065275498,97.14361997666204,96.4386065275498,96.67997235343417,36755
2022-01-08,98.4631530869612,98.96986422909191,97.96275325783499,98.64321963284326,30695
2022-01-09,97.88567793912047,98.1047231162141,97.53278510994247,97.91760902027264,193250
2022-01-10,97.21832866186543,97.22203796065772,96.69436209042645,97.01050555052792,90606
2022-01-11,97.75581874813857,97.75581874813857,96.9354937778683,97.7259280359173,81139
2022-01-12,98.24385586486832,98.27478546438684,98.21552330692661,98.25048755792191,22970
2022-01-13,98.54678684210937,98.54678684210937,98.05282334854596,98.40596546782486,22304
2022-01-14,97.06577534746957,97.91954288047722,96.85907463674822,97.04205160130941,13216
2022-01-15,97.10881533566791,97.10881533566791,96.8831833092307,96.99948108850683,86168
2022-01-16,97.6036291482849,99.10349759532933,97.4691149524931,98.0164357950582,81162
2022-01-17,95.60625533356293,96.23848507764244,95.4305745006589,96.05990032406234,103615
2022-01-18,95.62479801391453,95.749120009849,94.87756403490847,95.40278035176573,64440
2022-01-19,92.6113025401502,93.0521493938517,92.6113025401502,92.72048048087802,99089
2022-01-20,90.86195239271399,91.04393873475065,90.14614531462189,90.9442166752133,176302
2022-01-21,88.44013989935951,88.5867876245995,88.00351478294426,88.46617622540349,164081
2022-01-22,88.02571585824106,88.78595224288988,87.72425630102747,88.15476142808063,12566
2022-01-23,86.37694764370963,87.25084382849049,85.75374204818392,86.49462084400152,19094
2022-01-24,87.2101189459208,87.31020607128967,86.71848023431392,86.84728145731873,132821
2022-01-25,86.50881648680293,87.9404022895501,86.50881648680293,87.05172279722998,87638
2022-01-26,87.03815661624077,87.22762605841278,86.54418196257586,86.80797477567705,149391
2022-01-27,84.16751314723477,84.25686441448711,83.51278322627297,83.59193942488932,20313
2022-01-28,82.92507214374464,83.35726162734613,82.91872938842967,82.91920530468585,89231
2022-01-29,82.85418565305997,83.12877593410809,82.68361568223534,82.85890234523691,175647
2022-01-30,83.18071797136389,83.56907939602281,82.36539711738244,82.99985196583684,105142
2022-01-31,81.23784997302066,81.23784997302066,80.73501386555004,81.11653202584206,159482
2022-02-01,80.2502578490019,80.66605712656381,80.00473291947164,80.53730462939137,56952
2022-02-02,79.38470646115306,79.38756323572623,78.90798828147796,79.36382837749662,25931
2022-02-03,78.36295776277872,78.62973970643759,77.87542070636411,78.4067596657135,57953
2022-02-04,79.79815313664129,80.36401435408068,79.52482878728951,79.66446470668214,143150
2022-02-05,78.74289482415705,78.7819304265608,78.44781920858527,78.705308310093,20069
2022-02-06,78.7158378916536,78.7158378916536,77.73439382831363,78.66692321125306,50605
2022-02-07,79.61662491972056,80.10543138569423,79.39516826033791,79.7174593783015,182086
2022-02-08,79.03427464892513,79.25314305705474,78.9611803853938,79.02265780721122,107491
2022-02-09,78.7317132322705,78.987427573751,78.70234961971148,78.89036389524468,15447
2022-02-10,78.86371152012235,79.34992153522542,78.18615617825584,79.02119059963589,120924
2022-02-11,79.06324239485204,79.11411366042402,79.04189402351064,79.09682845234268,36050
2022-02-12,77.6235469053489,78.33257588224653,77.36408673706116,77.65663093771366,177186
2022-02-13,77.70605308415037,78.51618643210563,77.70605308415037,77.74537351121576,147610
2022-02-14,79.46393684760261,79.46393684760261,78.93363852128068,79.34626658809898,174976
2022-02-15,77.4946491970172,77.86775583374248,77.23080616035207,77.52606681162784,96942
2022-02-16,78.38019524036277,78.66960690357348,78.38019524036277,78.5319042733191,22721
2022-02-17,78.93260854730913,78.98423836859233,78.45462554499947,78.67262668794179,107278
2022-02-18,77.7443475929595,78.02285064031469,77.74356669321078,77.9192645340492,111027
2022-02-19,80.41519504006047,80.84675255107233,79.6227401496645,80.29276110470657,65945
2022-02-20,81.21194255891666,81.2643935161359,80.86700215656442,81.21608871576274,55801
2022-02-21,79.8281019389792,80.74148374369035,79.4479288114488,79.76812837686151,40617
2022-02-22,79.89831039246775,80.3145343660298,79.64618905411623,79.85733852614484,194048
2022-02-23,80.41213714950293,80.9977880645269,80.35611347907928,80.55112838990448,161832
2022-02-24,80.33321867400366,80.6741002600922,79.73836293827534,80.32335184490985,41827
2022-02-25,81.31460424759265,81.31460424759265,81.14245433820663,81.15038515965767,33518
2022-02-26,80.52525247547115,81.47659429770515,80.3173293352603,81.06945694758124,176156
2022-02-27,81.90113470900295,82.22126906895454,81.49540472484144,81.88493202941024,66206
2022-02-28,83.78021874161728,83.95979457267569,83.56433636102945,83.6710326945678,67797
2022-03-01,82.56584458001737,83.19372215371371,82.25638787757325,82.82731505334866,152853
2022-03-02,82.93727789025911,83.43925837189646,82.93727789025911,83.08008134245627,36436
2022-03-03,82.65891584843251,82.65891584843251,82.29083879146336,82.5047085004893,66638
2022-03-04,82.57023445390678,83.12434740624185,82.062545100264,82.66236258303718,56684
2022-03-05,81.70981168208293,81.83256991963002,80.93402549867255,81.2033475818968,190756
2022-03-06,80.63017413472356,80.78213230512988,80.49865096043479,80.50078603190585,160167
2022-03-07,80.28255955382305,81.15938371638525,80.12006662175096,80.26422534414252,43300
2022-03-08,81.46979681041837,81.65863387220443,81.05319208689643,81.3536310221745,97673
2022-03-09,82.92088839935448,83.02393996414644,82.27103872191883,82.76322310728462,110245
2022-03-10,81.33158641380705,81.33158641380705,81.11172527242047,81.13633439538418,44945
2022-03-11,80.27978441763096,80.92392422824922,79.48061865441119,80.1749598638687,112226
2022-03-12,80.99185014492748,81.43153801017358,80.91198247573469,80.9567285349982,193828
2022-03-13,78.6145834499793,79.02526987307628,78.5647978321904,78.57302911737611,105093
2022-03-14,78.34549660240225,78.36816442345268,77.77241304947894,78.02903114227179,28580
2022-03-15,78.10620896260879,78.36631969397597,77.52142211538242,77.91524611763607,157134
2022-03-16,79.15961684013692,79.69459041195805,78.84873506609635,79.39829324351801,104637
2022-03-17,80.07063831724295,80.60600026793071,79.47299198232702,80.22361563820266,18757
2022-03-18,79.8746106897009,79.8746106897009,79.29517301889207,79.83082671545829,64871
2022-03-19,79.24232628425972,80.0263792568445,78.77235342749564,79.3906887434052,113721
2022-03-20,79.00396655428047,79.6749257539582,78.85595430079177,79.09329935586699,88522
2022-03-21,80.77433976286116,81.89485534692349,80.77433976286116,80.92162560540149,160054
2022-03-22,80.34063157733632,80.84870006663446,79.9385762283072,80.40374277286236,136368
2022-03-23,80.14003942901411,80.14619780943978,79.62112295402932,80.03832009502261,19632
2022-03-24,80.55411128838058,80.55411128838058,79.76688855988054,80.46275102792359,157485
2022-03-25,80.31934435278275,80.38383321909828,79.94202938993786,80.31712014323331,113798
2022-03-26,80.18847968367218,80.18847968367218,79.96017468945828,80.07979195913676,119074
2022-03-27,78.73464412878985,78.83681002166975,78.33860636922577,78.75269740991514,93725
2022-03-28,79.18667534731638,79.18667534731638,78.6068920073083,78.73908838562619,82655
2022-03-29,78.45195819996572,79.05359684783701,77.43476584835308,78.2169197766738,86875
2022-03-30,79.59718507059918,79.59718507059918,79.3702103167705,79.59711959642955,90156
2022-03-31,80.26037290610887,80.66790495860468,80.16276217905548,80.38071094339094,112166
2022-04-01,79.84903564538024,80.40484433892338,79.84903564538024,80.3516060022701,48295
2022-04-02,81.12346810865714,81.25082584194936,80.3107142707188,81.16124013085533,128694
2022-04-03,80.79170211411285,81.11667372325093,80.45365978530548,80.7485295185036,148025
2022-04-04,82.29589827562012,82.29589827562012,81.12737258517596,82.03300341949752,143683
2022-04-05,81.97477973173498,82.35142457357348,81.97477973173498,82.02635955587016,141662
2022-04-06,82.89171761670481,82.89171761670481,82.68961275991172,82.74730029729123,180667
2022-04-07,81.09927105223882,81.43649070205193,80.38310119909296,81.16044437505148,85201
2022-04-08,81.76080774376791,82.4157024377522,81.44538363361046,81.58359425598518,134750
2022-04-09,79.53855785050662,80.4619878543542,79.53855785050662,79.5435864942855,186355
2022-04-10,77.18400135528009,77.71598023792512,76.92289756242538,77.15182201353402,199800
2022-04-11,76.72106511777793,76.91615091138476,76.19113123800693,76.80026125240613,102764
2022-04-12,75.92563110777043,76.72104594323828,75.74655234076995,75.77050704049012,136323
2022-04-13,75.97797974562938,76.25490578931307,75.56241298529959,75.95719209551105,143778
2022-04-14,78.35481995800289,78.64514979666892,78.35481995800289,78.55831923028883,61135
2022-04-15,77.66503567744641,77.66503567744641,77.46940983776503,77.58432593158815,113646
2022-04-16,77.0217604758923,77.06957493415582,76.83178488000944,76.86158966849587,37968
2022-04-17,77.18069308228894,77.18069308228894,77.08771636747399,77.09876997142482,118223
2022-04-18,77.88492282209052,77.88492282209052,77.31530122972852,77.67104417948006,23470
2022-04-19,77.72165314997602,77.75431578504958,76.99569750859659,77.46579120818315,66562
2022-04-20,77.22181872299899,77.38061286988214,76.69183647398157,77.22687206389128,60963
2022-04-21,77.7270347904185,78.21705770369593,77.58789069125567,78.04490955442282,147192
2022-04-22,78.32912469485586,79.12871652766847,78.28057748100463,78.65593118637749,32634
2022-04-23,77.4649689197544,77.4649689197544,77.40973493517235,77.4457662906462,129607
2022-04-24,77.51870453238783,77.69965573715795,77.05778673957914,77.35383702611436,139850
2022-04-25,77.4184810811411,77.46473706898973,77.30717084948154,77.39479146091315,62670
2022-04-26,76.08091306708472,76.57707673795474,76.00016744933863,76.1802479025793,141006
2022-04-27,76.48498664278529,76.61767194886119,76.19360922117164,76.47774639558551,127828
2022-04-28,75.50544964891196,75.69036715198357,75.39152210243023,75.49983377269768,126291
2022-04-29,76.5313658868503,76.7451603042288,76.2287302077895,76.60876188947604,27965
2022-04-30,76.66945331284847,76.85330529560262,76.61643268212771,76.83057276937933,82734
2022-05-01,76.98254283677771,76.98254283677771,76.84332977245337,76.93356376401104,72274
2022-05-02,76.30681560515674,76.37188750425193,75.65656205470357,76.25452941353123,98141
2022-05-03,75.98064229409371,76.40789805375334,75.82834956472385,76.11898198415719,175747
2022-05-04,73.81524627924877,74.27229718252191,73.81524627924877,73.87182332435704,59293
2022-05-05,72.47780154598618,73.11558942822597,72.47780154598618,72.6287146376101,74006
2022-05-06,73.03752388065585,73.03752388065585,72.60097246747422,73.025081114197,184540
2022-05-07,70.89125054394984,70.99510747798641,70.48576899780417,70.73032835565867,90305
2022-05-08,71.5873445292786,71.80946742906842,70.62551760114488,71.63426931925636,13014
2022-05-09,69.7932467852778,70.0186314399322,69.76850554483144,69.78242129299707,147913
2022-05-10,70.51444872177734,70.63557575717527,70.06556867113235,70.57903965293748,70912
2022-05-11,69.45796240823255,69.9397072235725,69.31790096161613,69.68957633534419,135453
2022-05-12,70.78400635154011,70.91131660653326,69.63115914607049,70.50866587115296,118832
2022-05-13,70.72627694347096,70.92340332955698,70.4641349456833,70.64729990790232,96949
2022-05-14,69.55021242187632,69.82177378795771,69.0115858330895,69.03732956073767,44324
2022-05-15,70.25480057193377,70.60019643670876,70.25480057193377,70.34309296206402,180954
2022-05-16,71.85121479510453,72.6027441261771,71.75478908722721,71.88087285079668,172310
2022-05-17,71.82427104739668,71.82427104739668,71.57853096261879,71.80995614534073,75699
2022-05-18,71.4629284981954,71.89424385291083,71.05524105178726,71.51551272351868,101282
2022-05-19,71.04721158765672,71.57529326133084,70.9919896183069,71.3442236609871,136216
2022-05-20,70.10810653838406,70.77846448046185,69.75575217683014,70.30824661653426,80407
2022-05-21,71.49804480411176,71.74885750916926,71.14353455970605,71.4764410357334,124511
2022-05-22,70.96977571268481,71.52724147460825,70.79852140089875,70.89674483497821,21935
2022-05-23,70.82222104119182,70.95514767291542,70.43194589861731,70.84232722570204,180713
2022-05-24,70.00578009577872,70.00578009577872,69.7547034346382,70.0043384640128,63424
2022-05-25,69.55654312720544,69.71618794527281,69.02454740873102,69.34999826135952,96994
2022-05-26,68.09938030340767,68.86784374590462,67.79472931271594,68.03350091786345,122032
2022-05-27,69.33410748245566,69.77796185035146,69.16825078178341,69.32851435491702,54347
2022-05-28,69.15076295500285,69.21667514872404,69.15076295500285,69.16845945673778,63431
2022-05-29,70.29393383266368,70.3023808326197,69.7754704406218,70.17792443256278,104428
2022-05-30,70.38560323732001,70.40852239877685,69.7385783891957,70.19195222270504,18577
2022-05-31,69.47725332837993,69.6774280087959,69.30252743453221,69.46462365642125,71865
2022-06-01,69.21837874895958,69.49098052079721,68.91423837819303,69.12506028392043,120115
2022-06-02,68.47991242724588,68.56458016202045,68.35526014906831,68.54660412920603,36947
2022-06-03,68.39495049617027,68.87946748191756,68.39495049617027,68.55478815604322,67744
2022-06-04,67.9652720375629,68.19092660128493,67.65245858465188,68.16997714278112,192847
2022-06-05,67.89659758331756,67.89659758331756,67.69845804143236,67.86398112246029,170814
2022-06-06,66.56420128392799,67.25316058476542,66.19022555448596,66.47505763033081,46308
2022-06-07,65.95484473286959,65.95484473286959,65.49032392258654,65.67537957568481,141440
2022-06-08,67.3365553634526,67.36622218156327,66.72161622223693,67.32522484542014,122468
2022-06-09,66.7055166128085,66.7055166128085,66.0176448806412,66.65076204882034,147080
2022-06-10,65.74865660429104,65.74865660429104,65.18464236785006,65.60520736317011,52143
2022-06-11,66.13472024833513,66.28309863748365,65.85194483001894,65.93800407129622,179134
2022-06-12,67.25016560914068,67.50984685399236,67.25016560914068,67.34468955823993,107173
2022-06-13,65.85529506393009,66.16238090919684,65.57237643882289,65.89177917622871,163901
2022-06-14,65.71157578420862,66.2248616389085,65.07226734565467,65.68600302649008,154626
2022-06-15,64.94194851920291,65.36751372639985,64.94194851920291,65.06619073416078,72558
2022-06-16,63.46011719226361,63.5399214184701,63.15218155917443,63.369950273411376,11140
2022-06-17,64.08702263509032,64.08702263509032,63.91408449561315,64.07239905769282,118110
2022-06-18,63.95747531266323,64.37506348130421,63.5783802870988,64.0498713973729,80393
2022-06-19,64.23805234415819,64.23805234415819,63.65958102547275,64.11854580158652,59186
2022-06-20,63.34376140241865,63.40903305036898,63.31285452928426,63.3990562744286,35631
2022-06-21,63.7941618525089,63.99378487604707,63.75390622162897,63.8330281190253,48291
2022-06-22,63.27347380575405,63.50660125478647,63.094137401841195,63.31873635188606,157081
2022-06-23,63.04890161087019,63.262272922535345,62.93446383084014,63.183154957682305,49113
2022-06-24,62.21938503325233,62.7064872353771,61.79035957339218,62.14148605228286,152802
2022-06-25,61.021871720125255,61.36948336990939,60.85212631625466,61.0182058902093,31094
2022-06-26,62.563184036941685,62.756445870168484,62.25102506754711,62.25290834716657,182015
2022-06-27,61.89373458363772,62.45710311708907,61.7263850127099,61.781173623032174,55420
2022-06-28,62.152165367457414,62.15687786819533,61.613211617303165,62.052071128078865,164055
2022-06-29,61.97940785175456,62.08860165927028,61.93819342878869,62.02062760050603,52692
2022-06-30,61.350181585339115,61.72690216946219,61.336428868001,61.61158092534815,49638
2022-07-01,61.12750289399821,61.390990257566756,61.09504154192709,61.1439206601191,137788
2022-07-02,61.56709429989769,61.743396175320754,61.14907200014875,61.724545951925656,28661
2022-07-03,61.44721366454531,61.44721366454531,61.253663404232036,61.445688151984015,57781
2022-07-04,61.300664167993055,61.33143474315464,61.210282120067134,61.30626318695971,126953
2022-07-05,61.63316494623502,61.9024708554138,60.82845777657618,61.32670140254463,18865
2022-07-06,62.464581822174694,62.464581822174694,61.977052798335976,62.41857819778384,61787
2022-07-07,63.21705325736001,63.328601808280816,62.52717376022969,63.05898909920239,90104
2022-07-08,63.46581150216741,63.59561765980879,63.191713752584995,63.42192534101368,124858
2022-07-09,62.92741236685306,62.959413376213945,62.64747481001477,62.88804338239532,48179
2022-07-10,61.71854334461788,61.7951602658343,61.57854258736589,61.59782278570526,116314
2022-07-11,62.6543841332813,62.76159479194642,62.287113423879134,62.48143511782358,140976
2022-07-12,63.36490091503338,63.55115496369915,63.36490091503338,63.39380739508652,78861
2022-07-13,63.353573125369316,63.552410641518605,62.81679636713358,63.260147880034225,52125
2022-07-14,64.15071889327508,64.15071889327508,63.558021027537734,63.77643808669984,58347
2022-07-15,64.51103875683943,64.89512856033171,64.41839490403744,64.5284014190158,115824
2022-07-16,65.28787264456903,65.791985731802,65.07453836102067,65.33796270304228,10524
2022-07-17,66.1096288526198,66.29550687028497,65.95756062408067,66.24725154221042,43445
2022-07-18,65.51011449227643,65.85332983371521,65.45860321192097,65.79604387809152,31247
2022-07-19,67.54841646147767,67.58601454365312,66.92705434171164,67.30835050841952,101604
2022-07-20,66.07353519938226,66.5128257148378,65.60309764950894,66.06145280707008,165134
2022-07-21,66.98104957100992,66.9909714258944,66.44961398443762,66.92089552892956,174771
2022-07-22,67.59740007007035,67.59740007007035,67.25981740039343,67.41855247380009,135578
2022-07-23,68.43379443300161,68.43379443300161,67.4303816332829,68.30783851833375,67624
2022-07-24,70.07320306590468,70.87229039690332,69.9108139374681,70.260492086478,18901
2022-07-25,72.06979427010357,72.16240256724983,71.50070069411633,71.84250788568872,110167
2022-07-26,70.62619738850209,70.62619738850209,70.53029649644319,70.61896108846769,47490
2022-07-27,68.93518149971969,69.15850427285831,68.47325669979638,68.85264252886081,93337
2022-07-28,69.80187289722329,70.04653890235063,69.60507529686626,69.7015071752242,123761
2022-07-29,68.64389091542375,68.67589791798905,68.56837982754159,68.6483265275674,23302
2022-07-30,68.70051313436794,68.70051313436794,68.39852004499976,68.6355535784461,27888
2022-07-31,69.63413012186484,69.79423273368774,68.83460922025364,69.50554867037458,13927
2022-08-01,67.88330811174905,67.9491334434767,67.1664130254449,67.8127090232115,183767
2022-08-02,65.78139474633966,65.78139474633966,65.5748946947249,65.70006529234819,170069
2022-08-03,66.13400158000474,66.15591124755494,65.8467720213659,65.95610233422077,46146
2022-08-04,66.09166286667525,66.57808666595717,65.80875632828739,66.0000297599451,74667
2022-08-05,65.76777709289675,65.76777709289675,65.70797827233133,65.75713267109732,124864
2022-08-06,66.1422459175467,66.2877460231484,65.50644192724565,65.79515269183796,140353
2022-08-07,65.05116812441585,65.23091086627244,64.90174213887441,64.9513439004125,83975
2022-08-08,63.476827263886676,63.95631718653277,63.36091644208699,63.49340346749338,88411
2022-08-09,63.17254924789868,63.71397342498868,63.11545196696956,63.334879435736426,144825
2022-08-10,62.35453653819886,62.825793530140416,61.78424008091039,62.41842879160221,169278
2022-08-11,60.707223864593225,60.967504023796955,60.448332935432916,60.89848789734156,35035
2022-08-12,61.38250623033105,61.82857846497631,60.66316403156558,61.36217243695331,47053
2022-08-13,61.35347357396361,61.506041993276185,61.0050435905685,61.30568515438907,152074
2022-08-14,61.368047406518734,62.06936875102478,61.368047406518734,61.680664949431076,101927
2022-08-15,60.775967087438744,60.88146893098579,60.34420648498948,60.77211723701025,44796
2022-08-16,60.29288011268326,60.3785831722126,60.13956152342368,60.175193773541594,114193
2022-08-17,59.3102590067043,59.38015180224646,59.03946238409562,59.28015279052533,20052
2022-08-18,58.32991022362362,58.580211475180306,58.32522296460287,58.49696838501776,160778
2022-08-19,58.85641250412676,58.85641250412676,58.385007577661526,58.66868147961749,75960
2022-08-20,57.8629942830623,58.32641698254409,57.75060508950549,57.98367062382973,15594
2022-08-21,58.25626883472844,58.64759175383125,58.25626883472844,58.29418958183452,187290
2022-08-22,58.402517716362375,58.9393109601782,58.03289670165809,58.592034842290694,78864
2022-08-23,60.39704690671944,60.81051417064383,60.3513733690159,60.3992192150848,162972
2022-08-24,59.32531642683737,59.34606547838804,59.12383586013614,59.15045852324621,100283
2022-08-25,60.15356362587429,60.402365233115674,59.73228748825395,59.94352553745451,17980
2022-08-26,59.901200766759224,59.90231579255254,59.64764282265563,59.86311615813287,121877
2022-08-27,59.6366012290368,59.94446106202937,59.28600258423938,59.850519533166235,27120
2022-08-28,58.447924223981225,58.67512980868913,58.208713857978616,58.56294479714921,36878
2022-08-29,58.003787790967756,58.42507731688077,57.85456241703072,58.16008228535815,190368
2022-08-30,58.78092944801613,58.91800059969718,58.574178014701396,58.812075942259,113282
2022-08-31,58.42703583864992,59.0112490091324,58.387270757373706,58.739360068505455,58082
2022-09-01,58.83071250200523,59.23552176876549,58.192852559241466,58.81081972831649,141756
2022-09-02,58.66849386383085,58.74990794083334,58.45766614929884,58.55491879942944,119381
2022-09-03,59.55144404187689,59.643150358551786,59.36415574818534,59.577837027438086,149277
2022-09-04,59.64109054786399,59.83461849670941,59.43127496931624,59.55865078094051,136536
2022-09-05,57.462870902465866,57.93107420592302,57.31813320370673,57.624931890060225,52625
2022-09-06,56.78111091321694,57.127062751357464,56.770026531724525,57.029816702413804,84948
2022-09-07,55.26459180056251,56.05064744900014,54.96799090062391,55.370240924623495,93751
2022-09-08,52.912677507299506,52.912677507299506,52.36102998674729,52.73454300260778,43078
2022-09-09,52.436308900739064,52.436308900739064,52.29850961490197,52.31687493463949,66613
2022-09-10,53.30091784303189,53.636580600318304,53.201494795437476,53.373927265366916,129444
2022-09-11,53.46472367993351,53.46472367993351,53.211439319183015,53.41166521699989,83652
2022-09-12,52.42943957098336,52.79330061585276,52.0726356698955,52.48046401022268,73863
2022-09-13,51.87059616447177,51.87059616447177,51.473101048332026,51.74513863082477,78973
2022-09-14,52.70649603736946,52.928810503537534,52.31934321827313,52.63017827495244,42550
2022-09-15,52.683346386106955,53.2897067536018,52.65578893792612,52.75476426178045,189572
2022-09-16,52.911923956469344,52.911923956469344,52.59009965909821,52.79276076876569,138990
2022-09-17,52.723361727251735,53.07563903052443,52.723361727251735,52.75044180796271,12544
2022-09-18,52.72426866972534,52.84355904036922,52.72426866972534,52.7808350218664,160405
2022-09-19,53.189875806023196,53.53605689255829,53.15858108105972,53.42235206884204,190067
2022-09-20,53.90877139633812,54.056878470286925,53.43676699930845,53.86698386127583,165976
2022-09-21,54.03293816129408,54.25514326180192,53.78699518050854,54.04155655402968,16288
2022-09-22,53.19045295478845,53.33239456761487,52.81641379902972,53.20276086990277,53432
2022-09-23,53.54629514900997,53.85962160168766,53.08612590508116,53.6122143899511,24804
2022-09-24,53.112153007119545,53.112153007119545,52.89227719773615,53.06476859156535,11746
2022-09-25,53.87406942678524,54.15050716568772,53.62276103539007,53.94262067289031,49144
2022-09-26,52.809048200705384,53.09163511849773,52.78714154045942,52.923905635961724,188032
2022-09-27,52.90207628788978,52.90207628788978,52.79439299119946,52.81476672981075,64498
2022-09-28,52.83362362968132,52.83362362968132,52.73427513330085,52.80893765889639,118192
2022-09-29,51.822624843884064,52.501101293118275,51.490104898478066,51.76999668963362,172969
2022-09-30,52.86166094947783,53.31282274710518,52.86166094947783,53.12461295302564,191096
2022-10-01,54.274822127972925,54.67701729143757,54.274822127972925,54.30120635289401,169822
2022-10-02,53.93903265937285,53.93903265937285,53.83855699633252,53.92491881260181,19934
2022-10-03,54.55567136904712,54.587346862085525,54.26267092347003,54.55277076944248,187553
2022-10-04,55.061485356897954,55.061485356897954,54.75748734993904,54.86351991580136,113165
2022-10-05,52.68485272066556,52.990107519524344,52.68485272066556,52.754298294425936,84046
2022-10-06,53.06058099180427,53.288274666751825,52.682396614855286,52.95281444607344,139027
2022-10-07,52.90274122358493,52.99104687211401,52.90274122358493,52.90411173153225,13008
2022-10-08,53.129206624960084,53.129206624960084,52.89065461495943,52.970191067551355,122763
2022-10-09,52.10968492501443,52.26154495604173,52.0881579905486,52.12143053568168,128905
2022-10-10,52.04355779118967,52.04355779118967,51.866634657784466,51.91127405885509,34132
2022-10-11,51.672081974603465,51.92302851687555,51.59972228695178,51.77265487428808,180843
2022-10-12,52.59766474152003,53.07199887953403,52.59766474152003,52.70358737996085,30165
2022-10-13,52.79218777585151,53.0794526510274,52.77015568686977,52.96863420236638,30413
2022-10-14,52.867820724817385,53.244975680974086,52.793009480265425,52.96422075080355,91022
2022-10-15,54.02635476206113,54.603959459513675,53.844445328431725,54.19296783997044,167280
2022-10-16,53.78776902884032,53.78776902884032,53.288547284849486,53.7434842514921,87482
2022-10-17,53.645075082141595,53.82732968552302,53.32544420274296,53.43045928031137,10339
2022-10-18,52.03665951235736,52.30064619154588,51.88629182408197,51.99406911981127,118233
2022-10-19,53.18662807540475,53.61503545407283,53.18662807540475,53.232347345602726,149139
2022-10-20,53.98876960073942,54.43774114189445,53.88584805589678,54.00794848535646,87133
2022-10-21,54.64315219809324,54.98783849754064,54.61533684654941,54.75583566872704,103724
2022-10-22,55.54925828205853,55.64864588401171,55.09146860809886,55.30799246392883,185823
2022-10-23,55.45195874623037,55.56169558305534,55.35011970438541,55.39944945590837,182569
2022-10-24,55.660415602679336,56.05547177654423,55.25468308875077,55.57880870316904,108126
2022-10-25,55.30272160113202,55.64681396878893,54.999659749975805,55.369111899106315,176247
2022-10-26,54.92516730513224,55.2285265591702,54.92516730513224,55.200272227735184,45068
2022-10-27,55.11744961817312,55.30050782295682,55.0867114247725,55.24525415760064,18834
2022-10-28,56.32307796817072,56.53645377952058,56.277500413627216,56.51238862308189,134501
2022-10-29,57.0353426021647,57.0353426021647,56.77593814105075,56.98540601964797,104648
2022-10-30,56.95194700712363,57.086547981027955,56.61499654389071,56.93545731287134,54544
2022-10-31,56.38130702859839,56.45199019406632,56.38130702859839,56.44278203462153,55992
2022-11-01,55.842539387524354,56.35758515937725,55.68329266600057,55.907718097601034,76733
2022-11-02,57.53718520093545,57.755448733812074,57.161223135821636,57.26805795663918,93484
2022-11-03,57.53889456910628,57.7795514130076,57.48401006261445,57.70497115982484,145025
2022-11-04,57.707977568747246,58.02541454754866,57.707977568747246,57.76347083775122,22597
2022-11-05,57.424933711906824,57.518038073195655,57.41398680267205,57.46429829959872,56651
2022-11-06,56.5061241210366,56.753568824695236,56.5061241210366,56.516241366173034,78505
2022-11-07,56.386967623740055,56.47585155681033,56.302456926874406,56.459588321451506,166064
2022-11-08,57.29555681962017,57.42544436560716,56.157204195067116,57.20435328138268,87621
2022-11-09,57.164047435617356,57.320579435303735,56.84212324304046,56.868520363442634,77965
2022-11-10,56.372447634750856,56.98869919267328,56.137660644140155,56.675006119003356,10739
2022-11-11,56.484318702314546,56.657756476092175,56.418442592543556,56.48741043073097,188802
2022-11-12,56.58738114876415,56.756427654548794,56.26044381793308,56.58034733069739,100158
2022-11-13,55.23046556244612,55.2947720491224,55.16872268729829,55.24437589314684,155539
2022-11-14,55.01875217043319,55.76132485847359,54.94246160232475,55.0496533500942,179978
2022-11-15,54.29976182575129,54.55409763617234,54.29976182575129,54.3486423435395,33622
2022-11-16,55.13530986729728,55.13530986729728,55.03794598324769,55.074587829911835,21545
2022-11-17,54.365678310166786,54.86465197116861,54.29213879237876,54.441646885660866,16108
2022-11-18,54.893948193370086,54.993799405920285,54.754629052234314,54.91492282716482,189505
2022-11-19,56.185086151796455,56.25749866150876,55.92555935045656,56.18510531079338,81156
2022-11-20,55.939468280373184,56.31643096213187,55.58921567376509,55.92143435918946,102970
2022-11-21,55.414779415341634,55.81565338836247,55.414779415341634,55.419089156509074,22939
2022-11-22,55.7450624998911,56.08062559180077,55.31271245021928,55.57845287371954,50012
2022-11-23,55.57531432793722,55.584701887991415,55.50727621065114,55.57676134623062,52881
2022-11-24,54.78316581718235,54.814737446066026,54.734816356320074,54.7545739283508,194129
2022-11-25,55.12593676754768,55.58077434716666,55.08747752586766,55.13444729107696,150868
2022-11-26,56.695258176175024,57.077746949765334,56.695258176175024,56.82676555612479,99968
2022-11-27,56.46622956937359,57.37201787851909,56.37320832436648,56.607175873278116,120164
2022-11-28,56.367535131458446,56.63752599724148,56.367535131458446,56.435173991505685,93013
2022-11-29,55.58961564761809,55.908547505102796,55.370328693807,55.55750642346702,19062
2022-11-30,55.704569907221924,55.97536777049561,55.60635925495064,55.824060201902356,81529
2022-12-01,54.61513682679945,55.05943897924356,54.335069451268446,54.789595867502705,152936
2022-12-02,53.925874915778,54.24753114993397,53.811929718908736,53.88738220517912,177453
2022-12-03,55.01826490091487,55.27082892990306,54.851788438179206,54.93174217950825,164187
2022-12-04,53.90445558555472,54.24779451480911,53.79376511840802,54.19071410643388,34685
2022-12-05,55.153666097168006,55.153666097168006,54.77729472166307,55.07687468409328,166819
2022-12-06,56.3561931569833,56.59949900583002,56.20032515654676,56.35073595997533,49988
2022-12-07,56.55251332947121,56.688023691316005,56.45739136243498,56.570361394174874,11778
2022-12-08,57.15222792071839,57.15222792071839,56.37074475057885,57.041899047994285,63811
2022-12-09,58.749300596172716,58.96063650499167,58.621588381232115,58.736998885857204,80668
2022-12-10,58.45783278132574,58.941479094647704,58.403757750320906,58.56392583534077,21861
2022-12-11,58.0631479531489,58.0631479531489,57.99564509487202,58.04530463255715,127247
2022-12-12,56.69562010811388,57.080927299157764,56.4767300040497,56.878951627254125,170374
2022-12-13,56.89787844203683,57.28670671565179,56.53470969673851,56.91454658538954,174572
2022-12-14,58.33933019356529,58.55976795476101,58.07301854780698,58.19143176618079,102837
2022-12-15,58.91943400093487,59.17976633294976,58.91943400093487,59.035092434062875,60512
2022-12-16,58.18889649775234,58.745875263448156,58.136865069309835,58.20671263669335,124302
2022-12-17,57.53129597315084,57.85181363360592,57.12800249443006,57.46465451620417,58117
2022-12-18,57.44262345695076,57.49798657333532,56.62061218158806,57.031713270849046,178240
2022-12-19,57.18839019461023,57.33449157702845,57.18839019461023,57.28229037938479,92204
2022-12-20,57.0979857958984,57.22264315765943,56.69038180373423,57.10615111234776,104002
2022-12-21,57.40335876792403,57.865093482884575,57.03265152754613,57.29014648391156,119661
2022-12-22,57.55970992501887,57.97660062682246,57.214063870362075,57.54571848557056,62496
2022-12-23,57.08167082517181,57.48306351562041,56.47804422768415,57.288398408922866,199702
2022-12-24,57.32398720574903,57.51513904062927,57.00245085946946,57.253886297040914,110933
2022-12-25,57.45011502694862,57.49383305128043,57.26134327394618,57.43158473553209,10881
2022-12-26,57.43597584783973,57.45307442775824,57.10930214079645,57.359292575568496,105045
2022-12-27,57.99033313255632,58.28805685005114,56.79670817038864,57.79415674138894,83295
2022-12-28,59.53958667873113,59.53958667873113,59.26221591713476,59.43901403640235,66776
2022-12-29,60.04251751538943,60.31583818036201,59.91609314422387,59.96915801627849,36320
2022-12-30,60.075306281187466,60.41459232577668,59.72894673775959,60.01938270849983,54035
2022-12-31,58.34146583434156,58.618646193479606,58.34146583434156,58.52042132758416,123544
2023-01-01,58.83824722522601,58.951800932180035,58.68880821869989,58.8619653287971,77981
2023-01-02,57.2058234866238,57.56012508886675,57.106974072573045,57.16803742665301,117970
2023-01-03,55.90510359631231,56.24821617314042,55.787477265201,55.972441003636476,149658
2023-01-04,56.71120536872281,56.846180310526464,56.28424816300922,56.6946037050413,92786
2023-01-05,57.15652342195363,57.46377422337931,56.99331326776961,57.29839193446487,41412
2023-01-06,57.35353175626951,57.35353175626951,57.03894923670783,57.16966779208864,134728
2023-01-07,55.89525872048407,55.89525872048407,55.33504525675497,55.72190336512502,199255
2023-01-08,55.3476254807801,55.57082164931815,54.96391340228377,55.41238252362398,166091
2023-01-09,54.91696735649466,55.34010691887351,54.49541365181997,54.85108705772325,54700
2023-01-10,55.338667284674955,55.46397545903237,55.16927045987864,55.377568799980104,168051
2023-01-11,57.40400367084466,57.40400367084466,56.941805417247785,57.28510111353372,61803
2023-01-12,57.54680816438601,57.63648647454913,57.42211073825622,57.471807990953884,31191
2023-01-13,56.81707168793392,57.41139144172568,56.73725100936483,56.80389315497264,33345
2023-01-14,55.79266309317683,55.89420263536359,55.79266309317683,55.815219990667444,158295
2023-01-15,55.78937773797469,55.97799071847405,55.71582090489161,55.76827602377801,84453
2023-01-16,55.475979784384094,56.060095551227924,55.475979784384094,55.62058017326793,184125
2023-01-17,54.7788975766582,55.2669370367049,54.56018158673826,54.66810732841162,80652
2023-01-18,54.646301644856884,55.47917893112048,54.52960764294443,54.76360444879017,21505
2023-01-19,53.91266797481649,54.12964371205608,53.76132888872576,53.826295844003546,139545
2023-01-20,54.75302164188621,54.993619559449705,54.651533334634834,54.73173617331851,121544
2023-01-21,55.79381005768191,55.95431275089514,55.58003549666842,55.61113696120642,180246
2023-01-22,56.520520983212094,56.80121987293311,56.39888496279322,56.523402460527485,193072
2023-01-23,56.16488900676775,56.16488900676775,55.89451620821882,56.12290388902581,57094
2023-01-24,56.48095841835923,56.886161194174576,56.48095841835923,56.55772548746162,56998
2023-01-25,56.54899490433757,56.622626171788454,56.3625665213636,56.44579313312643,163784
2023-01-26,56.07982193182916,56.31823483968008,56.007445255883425,56.11754917483422,81922
2023-01-27,55.86532492863022,56.537039276602826,55.418206810822454,55.83279374431898,68574
2023-01-28,54.76662056562612,55.529314049442554,54.50676668005656,54.75483466458256,38967
2023-01-29,53.732210758105126,53.771413103434185,53.298225408359926,53.581706529765036,87278
2023-01-30,54.039802150902915,54.71685254531141,54.039802150902915,54.223936055516155,72293
2023-01-31,54.12102163546735,54.31506680474191,53.955030492408774,54.068615887677595,34372
2023-02-01,54.001223319532954,54.642447247404235,53.795275057535655,54.244427991246646,42616
2023-02-02,55.26500269798943,55.50337608864694,54.80554279665931,55.06564027292866,179618
2023-02-03,53.51463313746513,54.06957489030138,53.51463313746513,53.65254718175303,32881
2023-02-04,52.86550813244377,53.03080762638508,52.80759164639425,53.025185277646905,80929
2023-02-05,52.89785178009982,53.48446969327014,52.850603338508726,53.16482626504073,84046
2023-02-06,53.525844408811075,53.525844408811075,53.28053657030921,53.47843235407424,143165
2023-02-07,53.11312525676242,53.76248704627251,53.11312525676242,53.17680591804733,90390
2023-02-08,54.02255777543301,54.463680479182806,53.89995785632266,54.004102223864635,15022
2023-02-09,54.08772490380658,54.19970811770184,54.05819073411587,54.17480429032431,124097
2023-02-10,53.1164882588747,53.46140275371249,53.1164882588747,53.19770215223192,142452
2023-02-11,52.407062872268746,52.50327993379572,52.263117976966704,52.46014540405374,113674
2023-02-12,53.126755019188664,53.126755019188664,53.09077686082454,53.09781677504649,52999
2023-02-13,53.43897379420838,53.984697163184194,53.31297926283788,53.46853146347872,190999
2023-02-14,52.11363524322936,52.30408843830816,51.95520867972715,51.96692015659157,95778
2023-02-15,52.97058109140544,53.040055254576046,52.90695913392432,53.02815770222858,133831
2023-02-16,53.50708261740084,53.82939849320563,53.215265922591065,53.50598171137486,138019
2023-02-17,54.54931112573374,54.807913264532516,54.54931112573374,54.595070792870004,44092
2023-02-18,54.337699133136326,54.37318746668073,54.18812943583808,54.28175066537162,42436
2023-02-19,54.287461579210635,54.287461579210635,53.97170141225493,54.04151208891646,28571
2023-02-20,53.19379579029685,53.465936389335276,52.93165846186724,53.13605168620261,110164
2023-02-21,55.229251677959425,55.27404849466199,55.04730899832332,55.197053923144466,82946
2023-02-22,54.949841721840066,55.41555244674155,54.368855739253306,55.051976570030604,168786
2023-02-23,56.29340065672612,56.41177735248274,56.29340065672612,56.37866266621513,163919
2023-02-24,56.079143452691675,56.2896579981069,55.739901916736116,55.83390931484373,41047
2023-02-25,55.865680609732905,56.181775672211806,55.865680609732905,55.97129648239502,133442
2023-02-26,54.4359904674016,54.647172197135006,53.88506430461604,54.58552344453578,98846
2023-02-27,54.25706995968106,54.51643831583646,54.23932497512741,54.27293684136699,22289
2023-02-28,55.00930076666486,55.396328282444884,54.88516962885457,55.079743975042575,44970
2023-03-01,54.372433188792066,54.389227084386214,53.68095860370361,54.05520657877446,165112
2023-03-02,54.86186855758886,55.331187330190005,54.86186855758886,54.93162783058122,37228
2023-03-03,55.27005980911118,55.86235993442294,54.99556761086556,55.21020717556445,92512
2023-03-04,54.46860244457608,54.48366279432374,54.29301008975576,54.35238989528758,103099
2023-03-05,53.90005366626741,54.13818137752049,53.90005366626741,53.9449793304472,160877
2023-03-06,53.471191767544916,53.763613132202906,53.42480690251176,53.57479102218679,96766
2023-03-07,53.604490313073704,53.62450104366078,53.52091446304969,53.53501097540024,112748
2023-03-08,53.31899657777857,53.31899657777857,52.74662905385001,53.10620047127025,132328
2023-03-09,52.3921866602809,52.52757571276378,52.3921866602809,52.45126079672684,78201
2023-03-10,52.00966945470918,52.285187063997846,52.00966945470918,52.2121672644528,172982
2023-03-11,51.56408341961268,51.57020023366456,50.90787153283242,51.41408751136317,136069
2023-03-12,50.5752633941221,50.5752633941221,50.251001837408154,50.42914654641294,144252
2023-03-13,50.342067770588685,50.494603194154635,50.324199796794524,50.392717227324866,187542
2023-03-14,50.762270075030465,51.50398503774557,50.762270075030465,51.06451220553541,73902
2023-03-15,50.01665816159674,50.01665816159674,49.6520973915161,49.906397601431244,148503
2023-03-16,49.87929848479066,50.263960039373806,49.493820033100626,49.909023858557546,102357
2023-03-17,49.46056210149657,49.46056210149657,49.15725761116387,49.42480789915073,80448
2023-03-18,48.69930927229243,48.938872961885146,48.67695959257282,48.70566271176936,138016
2023-03-19,49.27758392147926,49.35815051600391,49.269429224643794,49.3331794368894,38382
2023-03-20,48.90737056792648,49.06215446733685,48.90737056792648,48.95122137920628,169357
2023-03-21,50.28513162868559,50.41931660816844,49.98820148130938,50.06383271401251,186373
2023-03-22,49.682830222101884,49.682830222101884,49.432057334738886,49.48161839315882,139722
2023-03-23,49.574617980151984,50.00406270935526,49.574617980151984,49.769322736935074,83106
2023-03-24,49.46062126123026,49.78506595204246,49.07823479682252,49.59993582216467,105490
2023-03-25,49.30355995268569,49.46052282148768,48.877402229126794,49.04210489381802,65730
2023-03-26,49.42181127050732,49.686982790560585,48.97512452788862,49.47632826500208,35359
2023-03-27,49.344669528920186,49.44768143795576,49.344669528920186,49.36144232671834,175878
2023-03-28,49.810766505859924,50.17495975730785,49.80896939968406,49.81009918940343,174975
2023-03-29,49.75859599916265,50.15159967964356,49.35777105591668,49.77477779891863,127369
2023-03-30,48.95634899506209,49.33777283711921,48.802149931298466,48.97065014406198,63459
2023-03-31,48.82538581835726,49.056161920707,48.683803251325074,48.895731552346156,197247
2023-04-01,48.91040020857084,49.61410448121673,48.91040020857084,48.93385219497141,86966
2023-04-02,49.57455587662167,50.30041526317829,49.228517784456066,49.642453014623506,117551
2023-04-03,49.02123436593556,49.358574092890926,48.513880268348494,48.97217795879662,178073
2023-04-04,48.823960948250175,49.19581440125651,48.64816884825641,48.94329545062087,17824
2023-04-05,47.65392035553391,47.735669071874064,47.448134278499936,47.69536442668298,49394
2023-04-06,48.14292987848838,48.21540278164661,48.05758286545225,48.163747294580865,148450
2023-04-07,47.41294705737307,47.41294705737307,47.28960828155054,47.38872648892895,183627
2023-04-08,46.17361708566109,46.46401004957704,45.90645702978416,46.12194973698788,174202
2023-04-09,46.065834692904346,46.23801960976661,45.91530013274141,46.08099998872868,53528
2023-04-10,46.92700283752425,46.96126274722556,46.712870884920434,46.8516389818417,159937
2023-04-11,45.84344163304065,45.84344163304065,45.60317589638844,45.792452613990605,26571
2023-04-12,45.19818560584031,45.32129637182765,44.88111479468383,45.05116093625136,122259
2023-04-13,44.56943464004849,44.56943464004849,44.52972529328312,44.55166960444968,107586
2023-04-14,44.038950586505514,44.31773072178246,43.48524060780682,43.80321342730524,173361
2023-04-15,44.21087805135191,44.21087805135191,43.82288830323215,44.053226628884936,161110
2023-04-16,43.51758352856964,43.579371570645776,43.397258397016444,43.52293703381667,17350
2023-04-17,43.03916390547178,43.46697017668619,43.03916390547178,43.05444020536153,86454
2023-04-18,43.54779695962645,43.70493676471624,43.34963735665872,43.43280135346088,24380
2023-04-19,43.009925515162074,43.2286250401072,42.53771210072522,42.94336814296836,170120
2023-04-20,43.21078781632048,43.42680455201248,43.05364784737473,43.22305049388993,13371
2023-04-21,42.47952414541833,42.71085116101829,42.47952414541833,42.597823125023524,85307
2023-04-22,41.82350017090432,41.84322434598397,41.82350017090432,41.83030487700635,136244
2023-04-23,40.73686941515216,40.90688916578445,40.575060670977,40.694352946016785,164867
2023-04-24,41.91933215754648,41.91933215754648,41.651208472434746,41.84646714848769,181958
2023-04-25,41.746303030383324,41.753002265573116,41.63378877886813,41.6459235922877,31423
2023-04-26,41.795029333208625,41.90044119122733,41.795029333208625,41.798585172413,59021
2023-04-27,41.90914026776898,41.93654777005472,41.776294256991676,41.77912232191902,63840
2023-04-28,41.81237790607659,42.016087893407246,41.73123826888502,41.87948861171922,61986
2023-04-29,41.959549979834684,42.03171452416629,41.81188310980912,41.910712911171935,33271
2023-04-30,43.18158025508672,43.323273614392164,42.8856363448653,43.12766747394885,149786
2023-05-01,42.363107879031865,42.520721432271614,42.363107879031865,42.460780114875604,150525
2023-05-02,41.448364184921864,41.50105503788138,41.448364184921864,41.48031168561748,97585
2023-05-03,40.84689457452854,41.06547494462952,40.84689457452854,40.85542038324898,99225
2023-05-04,39.94142307226574,40.57726665592497,39.94142307226574,40.04560250165505,158266
2023-05-05,40.2912131354581,40.66749251452076,40.2912131354581,40.496813745408986,134565
2023-05-06,41.00535252146387,41.00535252146387,40.804408328043166,40.99823312271634,40210
2023-05-07,40.418737292100275,40.44605407668377,40.33534650944199,40.41129148140971,55292
2023-05-08,39.68570728017868,39.74670815815328,39.403690187167236,39.57718046909118,106690
2023-05-09,39.40922029781398,39.545577629857355,39.34381508389336,39.367112183773536,149588
2023-05-10,40.120664315342545,40.398883308681576,39.945477722041595,40.197210784779934,196636
2023-05-11,38.57259818159161,38.608744539639474,38.52745203616705,38.53257812275522,198631
2023-05-12,38.79267764007422,38.92111517251707,38.43519479125617,38.838167828350876,107089
2023-05-13,38.28632027509329,38.358605563777324,37.96084578211933,38.21649167200964,25021
2023-05-14,38.85428320013328,38.894998011128855,38.7966245968602,38.81755717573964,120355
2023-05-15,38.081692831730706,38.232676329798196,37.971321880373324,38.19496840139749,70573
2023-05-16,38.03204711739101,38.26346195989706,37.99410219435233,38.03179621254219,48570
2023-05-17,37.18830589294185,37.48787773281795,37.01781948867065,37.182133579188545,175189
2023-05-18,36.607236477000505,36.73394364426905,36.25629154326042,36.64106104435744,170436
2023-05-19,37.51114946197366,37.74532728127839,37.317618443268415,37.41071218493248,171809
2023-05-20,38.024940671730114,38.024940671730114,37.57696716877252,37.87403427273498,16607
2023-05-21,37.60499673140417,37.926926535475936,37.54372242885052,37.64652842444703,175686
2023-05-22,37.119242786132375,37.20450381922194,37.084254335397944,37.158336903288195,178346
2023-05-23,35.874043672821614,36.247138535885036,35.77147946471316,36.11762780021161,53051
2023-05-24,35.89110047616275,36.39069288051884,35.71600173621446,35.90498702505169,114832
2023-05-25,35.84138554027644,36.10790031645058,35.48513629422651,35.88834716879511,116999
2023-05-26,35.83132231533213,36.05393289055159,35.83132231533213,35.84312710223767,99482
2023-05-27,35.82371355086224,36.09660596049205,35.73045136342234,35.79273561797363,26355
2023-05-28,35.25788817874503,35.26959413637833,35.12217550394462,35.19548518925803,31443
2023-05-29,35.083079739600805,35.295040765747245,34.78407909887989,35.16051445122584,91893
2023-05-30,35.10084279727627,35.36495629493985,35.06513306028855,35.14012372733386,61173
2023-05-31,35.72312975575879,35.947081779670356,35.52725367330855,35.827008426872666,119465
2023-06-01,36.92127414014077,36.92127414014077,36.49268913564167,36.84437776316821,122875
2023-06-02,36.60136282323623,36.93200050419605,36.5534242294762,36.76874636296193,59124
2023-06-03,36.31436473430636,36.47415354142473,36.24516439838754,36.34852449136943,89358
2023-06-04,36.427781727730554,36.427781727730554,35.88661323118304,36.31311168514271,90204
2023-06-05,35.98921507053216,36.00996243345437,35.90520033100067,35.9836461046499,193827
2023-06-06,35.61178602047894,35.61178602047894,35.551714748812905,35.585137087340044,79576
2023-06-07,35.53820239448315,35.63615779533461,35.35734189020431,35.55384474866629,110600
2023-06-08,34.909713952725305,35.25569548376734,34.909713952725305,35.00177359641739,26081
2023-06-09,35.31798474262503,35.6793899345406,35.21681472302922,35.32144673401881,81865
2023-06-10,35.309437537959745,35.47512713080789,35.141198817163534,35.266432908066896,23020
2023-06-11,35.30854427075817,35.53054136930628,35.30854427075817,35.39893471963784,24930
2023-06-12,35.33810853178488,35.36662579096824,34.9862442585954,35.301929640490236,158410
2023-06-13,34.934861899514445,34.934861899514445,34.56421521957837,34.918920248445225,14679
2023-06-14,34.52250117733301,34.52250117733301,34.36573428180158,34.42590785987912,10556
2023-06-15,34.199142157830046,34.37588355972464,34.199142157830046,34.30359901820693,176867
2023-06-16,33.96477048264973,34.31516445268373,33.96477048264973,34.02239115532876,197366
2023-06-17,33.97668647472924,34.27158548880211,33.875724530075594,34.14196904312314,43128
2023-06-18,34.24940626307389,34.64978888614196,33.90864567087744,34.13969951245739,180451
2023-06-19,33.51039295965237,33.765792647817605,33.3655841873449,33.44914796935991,166544
2023-06-20,33.55347161593159,33.65355070706791,33.39583336651763,33.4828421826561,197584
2023-06-21,32.80335237549614,32.877250651965895,32.80335237549614,32.815147660955496,87716
2023-06-22,32.39930351552109,32.531699261079815,32.330610142132606,32.51309929408364,159269
2023-06-23,32.37732900395836,32.597585042600905,32.29313959125644,32.369860526286836,24947
2023-06-24,31.387243898725252,31.56813751837658,31.30042347595219,31.377737982733372,10468
2023-06-25,31.340312934348976,31.447088328578005,31.32633176878945,31.420837005915015,16771
2023-06-26,31.50551023753169,31.728576360538504,31.32137906296829,31.492077995318716,32034
2023-06-27,31.449265917205423,31.449265917205423,31.38163118332136,31.41751874310427,180700
2023-06-28,31.23954354045324,31.28519289365798,31.071046980344125,31.218188821562283,70549
2023-06-29,30.946931021285,31.062041938378147,30.87859274825151,31.043729673379456,77651
2023-06-30,30.522701276732647,30.6621785474341,30.522701276732647,30.592312535641653,44459
2023-07-01,30.466286864134688,30.710901497350125,30.466286864134688,30.46880116702924,106192
2023-07-02,30.232182832848686,30.35807329887419,30.014873332977142,30.217283755902553,21492
2023-07-03,30.241320965382073,30.394570230099887,30.241320965382073,30.258869598361755,53141
2023-07-04,29.679050698158854,29.908422297083316,29.60326914899457,29.71723884811474,184225
2023-07-05,29.76057909614371,29.92496628308689,29.717173201123632,29.822440846547433,180422
2023-07-06,29.902685553246112,29.902685553246112,29.868745464264443,29.88657676763124,182945
2023-07-07,29.81849573397074,30.219108561805253,29.702048175201977,29.823181672600686,74885
2023-07-08,29.62826020524922,29.62826020524922,29.490246964241134,29.62735017847116,155737
2023-07-09,29.786765946683413,30.03766104121485,29.766060257586666,29.873835356671343,26683
2023-07-10,29.082918266878963,29.20369678314032,29.05071529478948,29.13715022537723,58079
2023-07-11,29.353508321258005,29.57109774001203,29.168627073864286,29.339091277111777,65352
2023-07-12,29.40231093836557,29.615350944789252,29.40231093836557,29.4462439503604,171945
2023-07-13,29.525965199654557,29.732834159756628,29.525965199654557,29.57167585631145,167654
2023-07-14,29.723782960689235,29.962417057030102,29.723782960689235,29.742193534376,165643
2023-07-15,29.469559119657468,29.469559119657468,29.34117330791704,29.45200617746765,78299
2023-07-16,29.354410856303236,29.570065698676217,29.272821368790954,29.337604652968036,71490
2023-07-17,29.668552869186648,29.668552869186648,29.595528474309223,29.619294889704506,170156
2023-07-18,29.79948007419731,29.946446260487104,29.583144444921736,29.811242635430673,34254
2023-07-19,29.876005139024322,29.91401388131011,29.6795952652847,29.903821556690364,100197
2023-07-20,29.194381909825946,29.41698505484325,29.194381909825946,29.232218661368815,35758
2023-07-21,29.418084874576444,29.611584394036335,29.231737037136778,29.46902720507538,122175
2023-07-22,29.99067227253536,29.99067227253536,29.984044621791842,29.990535585859572,87702
2023-07-23,30.455835284066428,30.455835284066428,30.39026137559139,30.448201361152233,136832
2023-07-24,30.572882690449227,30.572882690449227,30.420216920719334,30.55520643628678,168104
2023-07-25,29.912695080033444,29.93830726222469,29.805967023962452,29.849554511503097,50155
2023-07-26,30.273703093215374,30.57517832336014,29.908977031422655,30.274570045488264,24504
2023-07-27,30.1892125838691,30.208889438011006,30.171018031149558,30.207772781988613,27339
2023-07-28,29.092166928988274,29.25086599184131,28.90762865434874,29.081768721656186,91645
2023-07-29,29.305683272513267,29.318498670918366,29.05587886134178,29.24678299281697,157666
2023-07-30,28.638720443675997,28.706229432024674,28.5405123786941,28.599436296858894,77372
2023-07-31,28.090044563508098,28.14114584738423,28.005972718546385,28.048647098657504,158103
2023-08-01,27.795616857801356,27.802355919842835,27.367184415406555,27.78276920165293,179552
2023-08-02,28.25279553953564,28.415514395981806,28.17647435968725,28.318204979125237,194366
2023-08-03,28.13901671958378,28.164578477418797,28.045874965871025,28.161117177477514,39060
2023-08-04,28.19596045925315,28.519090807185165,28.162856876589256,28.27582153675608,126682
2023-08-05,29.11449141389312,29.22125977592813,28.8850038246569,29.02700478787162,134560
2023-08-06,29.541939843710157,29.851516124397474,29.47805521231182,29.729417467189705,112889
2023-08-07,29.67653617433066,29.756498798983987,29.67653617433066,29.683363622393067,71369
2023-08-08,29.63302624084317,29.63302624084317,29.43736601110566,29.57602083653836,85835
2023-08-09,28.992168381810796,29.20366743424108,28.913966091637267,29.021904330938924,132838
2023-08-10,28.670348146683757,28.81707213629901,28.670348146683757,28.721156041702557,103603
2023-08-11,28.903436686973297,28.908056080599376,28.752265418892193,28.904993646626703,166223
2023-08-12,29.189556736027235,29.395183475508702,29.020219126188913,29.077082826024704,46030
2023-08-13,29.11118424013151,29.2251757798354,28.931023747972564,29.125203693431327,166680
2023-08-14,29.6169423369371,29.6169423369371,29.509659476731073,29.563069504539076,127154
2023-08-15,29.23130500804115,29.33252092656938,29.195816680029196,29.22254236667865,170648
2023-08-16,29.16531081247156,29.259192560791327,29.07845524623556,29.19797222438537,13167
2023-08-17,29.64988318949323,29.64988318949323,29.455896509284912,29.51999727198757,65597
2023-08-18,29.786150139242093,29.79096327180101,29.71956310445852,29.779793585335067,188777
2023-08-19,30.21327838923547,30.287710739863297,30.02441371699053,30.262044864051934,62419
2023-08-20,30.398052906270163,30.750510894915298,30.273668900806996,30.442802303190717,94844
2023-08-21,30.328698671001092,30.328698671001092,30.033797868057448,30.301843441461173,33306
2023-08-22,30.504320626742903,30.511255644573847,30.236141773800114,30.466917847965952,179452
2023-08-23,30.07977949117234,30.07977949117234,29.978722330405375,30.01215620060786,58513
2023-08-24,29.29550111817282,29.530704510687126,29.193780066001324,29.2831017129477,187343
2023-08-25,29.444867893743016,29.59313127861237,29.444867893743016,29.53927379497007,32676
2023-08-26,29.520873153615245,29.520873153615245,29.334003743264905,29.514851815307797,169158
2023-08-27,29.62422422380858,29.667244929937727,29.604037316326178,29.651708096023444,158960
2023-08-28,28.88579596642542,29.074872025158093,28.88579596642542,28.9061526511103,14148
2023-08-29,28.63325156713476,28.841739218717464,28.63325156713476,28.748274745505476,18990
2023-08-30,28.441741685928548,28.668782604108717,28.39888502865453,28.49076215686759,125962
2023-08-31,28.062490381153715,28.156162953691037,27.960208063781096,28.123814771075885,46424
2023-09-01,27.185455215442264,27.37081736630526,27.05213733054383,27.188429399309733,193109
2023-09-02,26.934247013502837,27.148474578514033,26.902717372527615,27.052201568505023,160130
2023-09-03,27.422940633361065,27.490748344420616,27.3680391544889,27.418773833069572,123047
2023-09-04,27.5862058407151,27.728049682657915,27.491980473733545,27.575919802783837,156010
2023-09-05,27.272881110672262,27.382396526459583,27.272881110672262,27.328461962812938,11594
2023-09-06,27.30743144730409,27.36406621296992,27.30743144730409,27.322364581740672,194962
2023-09-07,27.563201601150894,27.66570975146016,27.518558875488637,27.634295266295585,180092
2023-09-08,26.5856197521457,26.65639077389506,26.34783650568213,26.513427838098693,82885
2023-09-09,26.448562114975257,26.763600394576297,26.448562114975257,26.463945708784998,156405
2023-09-10,26.659235378352697,26.794003025077753,26.659235378352697,26.680454857521696,18569
2023-09-11,26.82057104061518,27.09432845964017,26.805291999509137,26.95484878313629,67208
2023-09-12,27.621524143205818,27.805414081926333,27.621524143205818,27.651338957405624,163553
2023-09-13,28.197599178407486,28.24959585216371,28.121241970864673,28.126152492747913,36632
2023-09-14,28.204869888327643,28.380059535061996,28.200349700072138,28.258329953143914,64394
2023-09-15,28.398405507441957,28.43050834600446,28.330410763883563,28.38662035274248,135467
2023-09-16,28.650891476095417,28.854684967225968,28.519921213284228,28.723686616829667,156901
2023-09-17,28.510143021393592,28.510143021393592,28.484610249361474,28.492252126839368,163746
2023-09-18,28.533657751997552,28.533657751997552,28.413658812005803,28.47508157983206,13679
2023-09-19,28.962411348084867,28.97276491456755,28.82381227911862,28.864802876559718,90704
2023-09-20,29.60644676732324,29.744784167013727,29.564903425799578,29.724886896152462,16613
2023-09-21,29.55600457252881,29.902684026443435,29.475869901492896,29.653958614322573,90493
2023-09-22,29.681338864103044,29.681338864103044,29.409026485976106,29.63243734702478,123640
2023-09-23,29.703460255132097,29.81782590668253,29.685264171639915,29.720790583124383,58521
2023-09-24,30.302214943458914,30.335766341978932,30.256665878850235,30.325679928177863,139980
2023-09-25,30.34224680264628,30.454047986843836,29.990614619036197,30.311893989512313,60922
2023-09-26,30.89186056712236,31.030335293460663,30.89186056712236,30.987396644001684,116777
2023-09-27,30.612138718575217,30.676081416098455,30.407867886237472,30.541325583703856,126284
2023-09-28,30.45789169753029,30.5838205300627,30.3334743773196,30.456217461753642,111118
2023-09-29,30.39830436328812,30.39830436328812,30.23743019131748,30.365821461763286,12732
2023-09-30,30.664370152146006,30.900910252096622,30.497916025039025,30.726186386065773,123451
2023-10-01,31.259792243613425,31.291089467178598,30.804563021526842,31.211735858961703,75881
2023-10-02,30.463280877337098,30.542298519883854,30.463280877337098,30.51299041072272,34878
2023-10-03,30.18317936255321,30.254434394956327,29.989417990848395,30.0970073629968,133197
2023-10-04,30.3519795638467,30.376027596635932,30.164230511129794,30.249465982120764,22088
2023-10-05,30.030454684522628,30.030454684522628,29.680683510981265,29.95206067843886,45868
2023-10-06,29.321173539648267,29.594381556676026,29.23422660974961,29.275813857209332,76386
2023-10-07,29.791959819512506,29.796235830600708,29.55437563418842,29.735419442971466,42005
2023-10-08,29.80269436508603,30.035942542287113,29.80269436508603,29.956563836238043,114078
2023-10-09,30.254581997940107,30.263977172245895,29.968924009767075,30.178994101376666,149208
2023-10-10,29.939898215097212,29.98934362984915,29.75080207361716,29.96453264412853,57283
2023-10-11,30.439262608268518,30.53039662900132,30.206190617192867,30.430594910395687,191991
2023-10-12,30.29545293388942,30.349987860894085,30.24383066597125,30.321259916933297,44012
2023-10-13,30.78922130932076,31.141213793104576,30.78922130932076,30.82406274980243,175965
2023-10-14,30.380150086293607,30.43791596931096,30.380150086293607,30.40541342660483,94812
2023-10-15,30.0776475511696,30.235586550706262,29.915055848736365,30.01834317834056,155191
2023-10-16,30.15229927909527,30.15229927909527,29.878992679831853,30.110639535744482,87842
2023-10-17,29.739409486213333,29.885306334655308,29.696932495309913,29.795089559745474,176605
2023-10-18,30.02236590796648,30.315751855630147,30.02236590796648,30.098500885312653,61053
2023-10-19,30.23535024431322,30.23535024431322,30.159328710013778,30.21615400504937,16422
2023-10-20,29.721803310451044,29.81098033401613,29.64456416286519,29.80070687697459,186136
2023-10-21,29.869537421832487,29.869537421832487,29.757966515939607,29.8332963798608,129034
2023-10-22,29.68102245537757,29.995962885336525,29.565914834707193,29.6765132300242,189161
2023-10-23,30.007269827508576,30.219484002321867,29.911159071151307,30.087007229567387,60703
2023-10-24,29.860573875887635,29.860573875887635,29.726880627561876,29.802882896193932,18889
2023-10-25,29.672049106403854,29.672049106403854,29.283414233230022,29.607198782809878,93629
2023-10-26,30.07186766933053,30.188502245920084,30.07186766933053,30.150035103381377,101212
2023-10-27,31.21518685278638,31.21518685278638,31.159545547418805,31.17962972949584,108852
2023-10-28,32.10158950318047,32.1941108048099,31.98542804560031,32.12871306306017,55173
2023-10-29,32.30259411924715,32.363573505730116,32.00526612159102,32.15919662525448,175072
2023-10-30,32.22811598713586,32.41514307116881,32.16420745421021,32.26494297679171,73859
2023-10-31,32.85948221389699,33.06367592235959,32.74866760198855,33.01569861583389,96964
2023-11-01,32.9781193365244,32.9781193365244,32.87146113353229,32.95413156093809,15410
2023-11-02,32.53618672895643,32.53618672895643,32.28282804161221,32.47502735284697,94802
2023-11-03,32.62536298266328,32.62536298266328,32.397864304274854,32.5320103610301,25215
2023-11-04,32.88973933592236,32.88973933592236,32.663337128126734,32.753089401413995,111354
2023-11-05,32.35769240342031,32.35769240342031,32.30040699572131,32.34825396511095,16369
2023-11-06,31.536739603919628,31.745560320825824,31.431489752551315,31.55924519268376,66482
2023-11-07,30.838146931925657,31.049786921166024,30.40021688757982,30.886390080008326,33876
2023-11-08,31.16862766287266,31.433833288948286,31.074999014261657,31.196224430635606,26706
2023-11-09,30.766471797301815,30.97351413026668,30.731882001926035,30.843358017781174,133360
2023-11-10,30.75268249449934,30.84773967317497,30.64018935930966,30.778033008881213,198226
2023-11-11,30.777059830797434,30.997214048312966,30.777059830797434,30.87632168950413,24884
2023-11-12,31.181132216969253,31.39282933425762,30.998667292378016,31.16440926413371,101407
2023-11-13,31.00555444030648,31.276711630733473,30.925671806448058,31.008246120356464,178333
2023-11-14,31.442551364044576,31.442551364044576,31.070542839351752,31.241080408177275,183091
2023-11-15,30.889911460930563,30.889911460930563,30.725075175088875,30.826755690025102,162495
2023-11-16,30.627954559364653,30.709836835608648,30.627954559364653,30.659951566172914,11939
2023-11-17,30.243576945404115,30.270191837005346,30.041376086893862,30.19242484343911,61155
2023-11-18,30.596434786608945,30.724628310999154,30.49146443900879,30.709362273885166,13409
2023-11-19,30.641386877654153,31.024602092123676,30.48792570304342,30.69688917771069,141387
2023-11-20,30.28945167626314,30.433543124541767,30.28945167626314,30.358353163455128,84817
2023-11-21,30.328432923296855,30.412617500818765,30.18929384762081,30.198315070513004,190870
2023-11-22,30.151619629920887,30.197496066077,29.943650523081246,30.098044511419648,53234
2023-11-23,30.308706474447877,30.478762353880633,30.257137912737136,30.415976104293563,32086
2023-11-24,29.69123778585377,29.86830439499766,29.646047482764867,29.696626617147086,85355
2023-11-25,29.321487905216102,29.438607097778167,29.140225154994127,29.238179426253367,116413
2023-11-26,29.116003887836257,29.219069440141617,28.8634212959364,29.072821277922767,92855
2023-11-27,30.20018242637082,30.20018242637082,29.853663967830755,30.198382052866613,98456
2023-11-28,30.555560683685947,30.72476787101634,30.45129666119672,30.634399123271717,104438
2023-11-29,30.550346003260547,30.66950874576057,30.550346003260547,30.583228080107872,68961
2023-11-30,30.920431122627026,31.06531376816317,30.731825366602408,30.911607186535434,25273
2023-12-01,31.968474829807448,32.00663954105806,31.81987970380316,31.880460321732247,64709
2023-12-02,31.689881575534372,31.915110737344502,31.471827399097265,31.768878088814795,102278
2023-12-03,31.488457881035146,31.665807473960232,31.47163961452918,31.594748938609314,26434
2023-12-04,32.28479255688827,32.50213076606446,32.05391323712074,32.17436724050833,84701
2023-12-05,32.4015222072806,32.61444622932323,32.4015222072806,32.413750132464564,132945
2023-12-06,32.82117243052059,32.82117243052059,32.66143013725659,32.74180549586967,26870
2023-12-07,32.51684555403408,32.62044866301228,32.33869006619863,32.49315269780233,47567
2023-12-08,33.50143447783578,33.50143447783578,33.27098601903482,33.44466987712246,190879
2023-12-09,34.490575131675826,34.490575131675826,34.2645664705124,34.313411717748544,90318
2023-12-10,34.66522273307812,34.66522273307812,34.51979665226052,34.60594564524446,50729
2023-12-11,35.04437950730075,35.147017768434694,34.81484934750897,34.962982339090665,186340
2023-12-12,33.837216414465686,33.938583033629754,33.837216414465686,33.9157986008004,43599
2023-12-13,34.170368599806686,34.45230687308621,34.07179198437484,34.241781789006296,76170
2023-12-14,34.208184739657064,34.354790119844644,33.81753374992828,34.142227433695304,176393
2023-12-15,34.38226280315506,34.38226280315506,34.264700307406464,34.36516977573265,70073
2023-12-16,34.86376528099574,34.968606354194996,34.3733485674629,34.7187690698604,36072
2023-12-17,34.56993553148059,34.56993553148059,34.3525479213363,34.54148479828216,187170
2023-12-18,33.69125150271688,33.69125150271688,33.57458817411629,33.676620152847036,197488
2023-12-19,33.88356597558564,34.018984552534114,33.65985944676055,33.86296539744901,120878
2023-12-20,33.53682386155882,33.53682386155882,33.263910026248965,33.48846985896045,51567
2023-12-21,33.32490530132167,33.452571521832255,33.29640519886802,33.32301451619581,118397
2023-12-22,33.01603044466806,33.23895154499758,32.91034649623299,33.02221897653663,53912
2023-12-23,32.75022990119247,32.96017055687809,32.64413885367226,32.85345857946512,52252
2023-12-24,31.790127047869948,31.790127047869948,31.546917326353842,31.734810741694584,152084
2023-12-25,32.215485084711254,32.36427726233201,32.19053443237322,32.319424136653225,131831
2023-12-26,32.49233476430938,32.80039817471113,32.42119185828445,32.44247780433374,80156
2023-12-27,32.92521892910534,33.004888201802075,32.92521892910534,32.987859387223914,82042
2023-12-28,34.09235897547609,34.09235897547609,33.88116943288774,33.982212429023114,114197
2023-12-29,33.888811796339375,34.12340927230754,33.688159124944605,33.99373084504569,113322
2023-12-30,33.101910788023744,33.101910788023744,32.81920424112013,33.08697091239253,16256
2023-12-31,32.55458946342769,33.03446813996038,32.55458946342769,32.64629177098646,85558
2024-01-01,32.01829273798314,32.16822133123604,31.99237112883647,32.06059503002393,112148
2024-01-02,31.92553877872656,31.92553877872656,31.657201607993755,31.820145237656206,25401
2024-01-03,31.781213562410795,31.996983359778266,31.58833389610241,31.858184109475012,142286
2024-01-04,30.9218499035949,31.200472532867234,30.705171947248374,30.915618148685443,176760
2024-01-05,31.030242899062536,31.18240491225695,30.990175013123256,31.07484440536132,150616
2024-01-06,30.326940967275785,30.414737458349787,30.326940967275785,30.378747863956512,141435
2024-01-07,30.542755141217683,30.63777263438535,30.341915760396173,30.514554284762596,172389
2024-01-08,30.50398490471923,30.605485647667237,30.38421531757871,30.464479314364333,192064
2024-01-09,30.220728783389408,30.415259433889727,30.084365554316175,30.32149672065165,54109
2024-01-10,30.3404212282896,30.62789341197814,30.2382154000175,30.288293291854647,68229
2024-01-11,29.972331377475005,30.16872470149577,29.956253126886622,30.044049085762918,84822
2024-01-12,29.679685017262578,29.87438593906039,29.568263312524987,29.769296273488045,63473
2024-01-13,29.027880089271648,29.067425395152895,28.96024596448828,29.02728326945273,160237
2024-01-14,29.00796222319677,29.16273069711315,29.00796222319677,29.014386128562737,35770
2024-01-15,30.00636197804164,30.00636197804164,29.738165356737834,29.828812417187585,37186
2024-01-16,30.58490336455183,30.993276540520615,30.489729113880855,30.728243395622822,68084
2024-01-17,31.41301651671052,31.45392648064078,31.16013548641618,31.343580454907066,157581
2024-01-18,31.771155862869193,31.950557630066374,31.601080143382124,31.67717848305586,71767
2024-01-19,31.32293466720807,31.54111971221452,31.32293466720807,31.357369087951607,133189
2024-01-20,31.986302370681933,32.22096128516569,31.986302370681933,32.04337840223177,44952
2024-01-21,32.07042922415888,32.14794490465834,31.928084374309243,32.01641200852145,90172
2024-01-22,31.947702995333618,32.16829744964312,31.947702995333618,31.983351888738497,60272
2024-01-23,31.88058277387351,31.98206743006139,31.808846939708534,31.84394031612328,73100
2024-01-24,31.914762045782247,31.914762045782247,31.72725784682162,31.887897065104394,65864
2024-01-25,31.64503434737676,31.89964951918444,31.339086230534285,31.680403763591574,55441
2024-01-26,31.558210819279715,31.864972696775393,31.558210819279715,31.640614976451197,173013
2024-01-27,30.98150551954848,31.282727447842994,30.98150551954848,31.130018936473498,124473
2024-01-28,30.975025414227222,31.060023451604845,30.85501095398538,30.956024634084066,94793
2024-01-29,31.989325571073696,32.398410923029836,31.989325571073696,32.033299920225474,144739
2024-01-30,32.01174624487759,32.01174624487759,31.800901102567778,31.999877472725814,165762
2024-01-31,31.90768185036977,31.987627056287366,31.708479604266312,31.885525646932035,38303
2024-02-01,32.12504899568847,32.26939535706716,32.12504899568847,32.14117053506849,19454
2024-02-02,32.65238523000247,32.7769525975313,32.46558439740336,32.48438807032765,19453
2024-02-03,32.02384493413593,32.02384493413593,31.84141151883536,31.946194762586334,45807
2024-02-04,31.928124713078255,32.04089241099438,31.767735192221576,31.847079813996952,72629
2024-02-05,32.253351290677315,32.34867705726542,32.253351290677315,32.28878091631838,191018
2024-02-06,32.38011033727858,32.642719319430036,32.254410116112076,32.41973668481044,19162
2024-02-07,32.4724822553924,32.559196834387706,32.4724822553924,32.47909673190989,19558
2024-02-08,33.20371986396076,33.373685075551975,32.932181099477596,33.245086108097105,64201
2024-02-09,32.79783005216649,33.076059645050314,32.7977541054718,32.90880919320097,23197
2024-02-10,32.972740047316975,32.972740047316975,32.75756092447709,32.94968058560783,143487
2024-02-11,32.71612747359288,32.87387463081103,32.468421462650674,32.6936440356141,108416
2024-02-12,33.469374501090684,33.49620815896507,33.18229018507993,33.43272833413264,135099
2024-02-13,32.41879677720442,32.59075297357565,32.33453267401982,32.468078428464985,65068
2024-02-14,32.19095544340103,32.19095544340103,31.81943587235405,32.143340121090276,197099
2024-02-15,31.9067056694631,31.9067056694631,31.870665437697287,31.889216903254486,46896
2024-02-16,32.167327662451115,32.39346721055263,32.167327662451115,32.208198079339255,162704
2024-02-17,32.46500525047723,32.617768822248465,32.46500525047723,32.502439596444944,125660
2024-02-18,33.1841397862271,33.449282460894615,33.08998486365068,33.18981543743467,178165
2024-02-19,32.481329821606145,32.481329821606145,32.40707949781314,32.415366086252334,125729
2024-02-20,32.75333610316072,32.929349194653675,32.75333610316072,32.78233153133018,121905
2024-02-21,32.61394511501608,32.71282824083875,32.42896066804288,32.638432317827984,45732
2024-02-22,32.24992418966298,32.48060694270181,32.19740186754993,32.314179280205494,50023
2024-02-23,32.64182097528011,32.66629346300819,32.4068648976769,32.57677622945284,112423
2024-02-24,32.0870939366816,32.28298944639829,32.00282391095457,32.13023718572613,71156
2024-02-25,31.0883100021055,31.28952654546611,31.035126197816638,31.144692819283108,96412
2024-02-26,30.90325840570371,31.137216064035567,30.802802500335183,30.972217048720573,82906
2024-02-27,30.3347029060043,30.61113478175784,30.12178292111186,30.28413613856296,170839
2024-02-28,29.942835323417476,30.144536081987816,29.828629402327017,29.990788313995015,192485
2024-02-29,30.085718302659373,30.26760457529401,30.085718302659373,30.158403270141633,23003
2024-03-01,30.346244106931838,30.346244106931838,30.03284618912005,30.29987526835957,142175
2024-03-02,30.96448376314436,31.246665557963986,30.836100265958173,31.02977066511321,54291
2024-03-03,30.970114823430862,31.142020172742058,30.90322257580355,30.936981063450762,57691
2024-03-04,30.267454303284886,30.408390687880708,30.191592500176544,30.233551744873644,117359
2024-03-05,29.946500264534,29.946500264534,29.65498530622741,29.892596462124278,73866
2024-03-06,29.537728034466458,29.537728034466458,29.37779841554522,29.483184279738268,16343
2024-03-07,28.899552788313414,29.282095586161947,28.78635355484515,28.949493234933332,70553
2024-03-08,29.124621863636715,29.24875528610872,29.07084117111611,29.139166788164832,170681
2024-03-09,28.754238761436277,29.02905767738475,28.754238761436277,28.8585041827605,159437
2024-03-10,28.156085416109715,28.164477646412823,27.893491355406642,28.015113422200283,193961
2024-03-11,28.347021883164437,28.405463913022988,28.16954203045695,28.30951512621252,131773
2024-03-12,28.27278477443604,28.27278477443604,28.122794549080968,28.262238164556646,72375
2024-03-13,28.38672724989379,28.632199571168062,28.301727626969416,28.413919045066326,141532
2024-03-14,28.45075988367871,28.721490691102755,28.45075988367871,28.45901424330724,157206
2024-03-15,28.853567802443578,28.853567802443578,28.58188589304655,28.729939768078296,76306
2024-03-16,28.75435895356505,28.7818757135241,28.65203572227288,28.7463285854286,57325
2024-03-17,29.296046362191742,29.313613936669583,29.174627281295287,29.28434564636956,58890
2024-03-18,29.476525843658838,29.67959257904067,29.349575376263896,29.47162207534516,190126
2024-03-19,29.702790740537683,29.71299831743021,29.413873070388707,29.64545576590465,190394
2024-03-20,29.87598490099814,29.978625452799314,29.65645553211062,29.82827755825244,50224
2024-03-21,29.044358322311563,29.29186619944669,28.804578990390677,29.183611122869372,58506
2024-03-22,29.206553773538207,29.27496505402229,28.900524673657742,29.11163005301962,11122
2024-03-23,28.952596338799452,29.10924059395432,28.851814529286752,28.998613113530247,153562
2024-03-24,29.069007883442527,29.141713853914347,29.069007883442527,29.089032293082123,22973
2024-03-25,28.6498926990785,28.772382169967777,28.414420968011957,28.50218621196837,32173
2024-03-26,29.255749473489086,29.255749473489086,29.188060562955975,29.20945666336524,97146
2024-03-27,29.225548444777566,29.271284652403992,29.15278656622108,29.255229532705535,54688
2024-03-28,28.706438610151192,29.05052220686571,28.706438610151192,28.728468991492797,17288
2024-03-29,28.0149997433708,28.052014026076655,27.866752641265045,28.00142152332726,19600
2024-03-30,27.92858262781681,27.997307680654135,27.87698223827222,27.883523760594343,196272
2024-03-31,27.839314192117456,27.94832438798965,27.75671626598506,27.846041977597512,14756
2024-04-01,27.44465233681048,27.710391135635618,27.178443107322682,27.5476286005054,129920
2024-04-02,27.520282586296034,27.74134477863864,27.473059401596235,27.585717671230793,94368
2024-04-03,27.218795762027362,27.48642670249422,27.207610025631467,27.32168001022793,118079
2024-04-04,27.566503139467464,27.627622861916365,27.41138024061326,27.548701455138296,198773
2024-04-05,27.31790935411972,27.33647427175209,27.19121596057697,27.250919757200926,128987
2024-04-06,27.259222435163647,27.259222435163647,27.011194396718288,27.23518680238093,93081
2024-04-07,27.57730791075328,27.639975999542763,27.537072795416442,27.63801989771015,89457
2024-04-08,28.74524085220647,28.865407880346005,28.61895973343636,28.724987557199437,11214
2024-04-09,28.34111485669139,28.37445179406759,28.169034825313048,28.29408416455515,178293
2024-04-10,28.054540815576992,28.38448635811641,28.037694766228373,28.09762704914474,148613
2024-04-11,27.733524973238023,27.80593672706368,27.636214413223364,27.74588638032643,145437
2024-04-12,28.130944085213997,28.130944085213997,27.886079588003764,28.07424240239574,75042
2024-04-13,27.61188250664304,27.632605138442887,27.43255533452632,27.59490145861141,91764
2024-04-14,27.437223439099583,27.437223439099583,27.386052060913233,27.39514122771809,146626
2024-04-15,27.35352557821633,27.551114525266566,27.35352557821633,27.38297995781466,63973
2024-04-16,26.987309509692853,27.063331416777206,26.830896342256594,26.983929170169148,172076
2024-04-17,26.515540265329808,26.623171932639096,26.515540265329808,26.599212158265573,37431
2024-04-18,26.40813328375347,26.4959810007048,26.270253656099488,26.41011957439382,54800
2024-04-19,25.682532782297532,25.76589025764438,25.558097438300756,25.590998033047406,69882
2024-04-20,25.190239429646244,25.190239429646244,25.04152127927246,25.042101716026732,110453
2024-04-21,24.93227050555799,24.93227050555799,24.637525027064637,24.887432712964525,77098
2024-04-22,24.99422687178741,25.06303610203012,24.78194196423448,24.942830477305073,87625
2024-04-23,24.877378731662176,24.88141072617939,24.781217137431508,24.87342651821146,25285
2024-04-24,24.17669048560645,24.348892402778677,24.051006779422554,24.22028475493304,20453
2024-04-25,24.040809219991576,24.176561483532538,24.02754603249839,24.052373951818083,185740
2024-04-26,24.386923960705264,24.532087928833914,24.249362832825163,24.342170683072727,103008
2024-04-27,24.495944089485697,24.58234785051584,24.495944089485697,24.545983794927775,59016
2024-04-28,24.585639053181342,24.65002979202886,24.4714846904161,24.51700675640144,43593
2024-04-29,24.121408533928353,24.316281223748355,24.112639477200823,24.19283420139283,112606
2024-04-30,24.3039604719977,24.460792994920357,24.3039604719977,24.422985742786434,108416
2024-05-01,24.17031760997631,24.34788078024561,24.17031760997631,24.211816346633842,22565
2024-05-02,23.76301865476981,23.792189286391476,23.76301865476981,23.790874118418024,106143
2024-05-03,23.467722523997306,23.646845056466304,23.467722523997306,23.50631887291554,114885
2024-05-04,24.104175869504484,24.124247625480326,23.955742039120622,24.0225855544281,136136
2024-05-05,24.08758390719536,24.188392207122206,24.063117378080996,24.10205612301285,132742
2024-05-06,24.540906661227044,24.58656878457571,24.422796316092498,24.524824732940782,59858
2024-05-07,24.39754066702898,24.39754066702898,24.14020880486381,24.349122557044545,25151
2024-05-08,24.722964661964973,24.722964661964973,24.66245590082521,24.69419150773208,12942
2024-05-09,24.471106542412677,24.50003111259695,24.471106542412677,24.472388785982275,195367
2024-05-10,24.511977000213804,24.53554396738402,24.234330414338114,24.414667607795888,27644
2024-05-11,25.37165142803271,25.407285521953202,25.212656223206313,25.3424115240123,40996
2024-05-12,25.635972635733474,25.858194461130026,25.62444133076104,25.635716798131885,16299
2024-05-13,25.457237471713533,25.457237471713533,25.37553415482621,25.443721443065925,59951
2024-05-14,25.302688969317806,25.536569906780542,25.275422269724967,25.411370347315277,106181
2024-05-15,25.475800154050344,25.547543847538403,25.454198948389642,25.536021842825907,149935
2024-05-16,25.995474378579633,26.03598216076246,25.710023471950173,26.003910758101323,119899
2024-05-17,25.861035011624484,26.076117928412994,25.656306702015833,25.8138183654758,73981
2024-05-18,25.120228587882746,25.187193901022088,24.909587358930906,25.148296429236673,127808
2024-05-19,25.033464290616745,25.202956519085596,24.957723653549444,25.043029632908926,176574
2024-05-20,25.121659324960767,25.138244317585876,24.94477243970206,25.04880977675445,19760
2024-05-21,25.12979679089636,25.12979679089636,24.96718856997013,25.09000054326706,55260
2024-05-22,25.64935664030637,25.866224555598496,25.56550811946003,25.59046277123923,92459
2024-05-23,25.738895359666277,25.738895359666277,25.678064123155263,25.712314491906497,69654
2024-05-24,25.996189742822573,26.14940598609157,25.948104676233584,26.02776348958894,158128
2024-05-25,25.57786582696886,25.729613141660884,25.37462006044685,25.601401329323288,141538
2024-05-26,25.961643970247025,25.982600458295718,25.89036604093176,25.936872676714273,180665
2024-05-27,26.74119564136929,26.855232408027355,26.64744297168963,26.765370573891477,173403
2024-05-28,27.036289015725337,27.321402027964094,26.996456514930873,27.077484399066478,35965
2024-05-29,27.275290726094415,27.275290726094415,27.08366815576218,27.180665256176106,177925
2024-05-30,27.227077711478575,27.32572622858662,27.222642439368922,27.24352034132325,156282
2024-05-31,27.91890991204788,28.026055106572514,27.91890991204788,27.98371799275599,64738
2024-06-01,27.637574539501987,27.738204522908834,27.583978271579895,27.59722208404341,78709
2024-06-02,27.5539488593684,27.5539488593684,27.542720155528777,27.551268639501657,110884
2024-06-03,27.748841597995668,27.778662905731967,27.71560588551105,27.74211614801973,77725
2024-06-04,28.157085442723886,28.379625298619725,27.997150612047985,28.05345265421697,88068
2024-06-05,27.83341809718965,27.953451198636607,27.799112635817334,27.870026576600992,159212
2024-06-06,27.957530374845852,28.07442982359398,27.8950951551709,27.998798989021275,138450
2024-06-07,27.82461849868923,27.943512534364594,27.778113723225044,27.88231993258589,150297
2024-06-08,27.920733159127632,28.119699290274486,27.695804022659654,27.932750704765446,53209
2024-06-09,28.031038369394594,28.083736897896117,27.791290140485135,27.877460297304964,13638
2024-06-10,27.30915720741492,27.440600734629403,27.19141245520999,27.404153308371114,169425
2024-06-11,27.530034493430534,27.534740761637465,27.02465084105333,27.39547568374881,125603
2024-06-12,27.674328740345643,27.954047861545178,27.662117379199024,27.75830713359489,145525
2024-06-13,27.339381178961926,27.429827746677454,27.264496319220477,27.358571419368776,58728
2024-06-14,27.32816176726475,27.370507112807683,27.034873994220497,27.259811216615155,43230
2024-06-15,27.566195481986274,27.566195481986274,27.17532450045244,27.53299770578562,79474
2024-06-16,27.1031489793287,27.1031489793287,26.744015530884354,27.094675303668076,69666
2024-06-17,27.034570067187627,27.180635425390825,26.973855515490797,27.169004969821074,16976
2024-06-18,26.740558231828036,26.740558231828036,26.532162373780366,26.740381888040375,73868
2024-06-19,27.115960512718914,27.350878735631262,27.074762484325067,27.199383581808334,127385
2024-06-20,28.176986900124085,28.176986900124085,28.12835350847351,28.159552260967352,186702
2024-06-21,29.008241229127744,29.049138557542882,28.974987939448454,29.026826688371838,192516
2024-06-22,28.94793147508957,28.971554855336947,28.801757441944076,28.931551599423027,96658
2024-06-23,29.153929382707993,29.30449313480055,29.136185927656665,29.25456814461732,185232
2024-06-24,29.265607759888848,29.438845081128758,29.143609008075828,29.3077124019432,127091
2024-06-25,29.312439540651578,29.42640589258864,29.312439540651578,29.352634147523137,155602
2024-06-26,30.049920530331143,30.049920530331143,29.892420506344955,30.04206744661228,186833
2024-06-27,29.4302991713737,29.536778061665895,29.289346836112305,29.45344714488763,175590
2024-06-28,29.941113769399855,29.941113769399855,29.868886983845076,29.923387730094355,85359
2024-06-29,29.876854135637284,29.992728343294715,29.876854135637284,29.90141288749337,71496
2024-06-30,30.49397989554552,30.845897704867117,30.335004038898134,30.539894409998915,189768
2024-07-01,30.74414091250212,30.829303927922922,30.447487160749787,30.625786276962014,184900
2024-07-02,30.26666492139086,30.386532392858186,30.26666492139086,30.318323416848692,65501
2024-07-03,30.2800893794203,30.452784204970644,30.213914406215803,30.44462222732501,89338
2024-07-04,30.820093187334027,31.11976467104521,30.77534867264644,30.78257782931006,12420
2024-07-05,30.693639638372186,30.84882901835843,30.67969761984521,30.799095730697097,152182
2024-07-06,30.984486237407843,31.03886216518811,30.923385124311555,31.0253900863937,29500
2024-07-07,30.83021640404129,30.83021640404129,30.771747468981488,30.783559859212804,158901
2024-07-08,29.740617630459855,29.8594408245703,29.708041087526198,29.81383412453284,141539
2024-07-09,30.298698436098107,30.432153009331575,30.073327452351283,30.219060627947076,93178
2024-07-10,30.475238471140827,30.54054322382909,30.430054470419428,30.537647538355355,82452
2024-07-11,30.742467666627306,30.926853777384668,30.455369229227475,30.605598315886347,189393
2024-07-12,30.758812251837764,30.772133145763334,30.63031733130854,30.637020628077956,168370
2024-07-13,31.072971308869363,31.224960230104642,30.983831837718178,31.116976508626287,168881
2024-07-14,30.884580569322136,31.059153626714014,30.82070162437333,30.904349601983256,111264
2024-07-15,30.50223624778507,30.856376007785403,30.501300142143076,30.578554405473586,157675
2024-07-16,30.51048834942936,30.542591177914776,30.316486883316692,30.49219285234952,140274
2024-07-17,31.049976162426642,31.049976162426642,30.951239868491122,31.040944912522495,182560
2024-07-18,30.269806371016887,30.542250358884687,30.25920510124147,30.40175822404893,76987
2024-07-19,31.03533696894903,31.144416385515065,30.6222054289779,30.950151463967295,105397
2024-07-20,30.53304017024324,30.825216975656186,30.45699090834272,30.654795192133726,121582
2024-07-21,30.115146877690044,30.204993140606632,30.115146877690044,30.152804818051727,31806
2024-07-22,30.69572720218917,30.94245785574028,30.69572720218917,30.728140861651347,142633
2024-07-23,30.704579534199908,30.704579534199908,30.62388056281238,30.68351451117646,20418
2024-07-24,30.09617532000138,30.10612810484611,30.086702902783763,30.09087616283985,81587
2024-07-25,29.95136803954664,29.981609060073165,29.710387333861522,29.929392144075262,100273
2024-07-26,30.288751086479543,30.454180117072262,30.207067070207344,30.350312040994115,103247
2024-07-27,30.95750894097241,30.95750894097241,30.76861969358415,30.897890462728256,136944
2024-07-28,30.595023188420853,30.81515029318695,30.595023188420853,30.700576457366367,170286
2024-07-29,30.89073299992045,30.969955613456,30.67709724479926,30.888262053492,28770
2024-07-30,31.42758057125799,31.4575393906645,31.17280013659681,31.220892820936143,186553
2024-07-31,30.88502058375285,31.218954833833198,30.884629939598973,30.920460441718795,89657
2024-08-01,31.087167001916978,31.103592458944625,30.901178212008062,31.08556787848194,76563
2024-08-02,31.133367549145888,31.135671749395687,31.01049316865288,31.070707285456102,136263
2024-08-03,30.778773008679853,30.897767707456477,30.778773008679853,30.821889057405784,22738
2024-08-04,30.59728976775047,30.74079038878145,30.524644749924406,30.595192911270374,183369
2024-08-05,30.648396075413938,30.648396075413938,30.325581736889543,30.625972376885024,170010
2024-08-06,30.65755811778562,30.798953739112406,30.50728699844362,30.639689829013367,32805
2024-08-07,30.414705187946492,30.48672394531257,30.197227109789207,30.380892434104474,94979
2024-08-08,30.155756774360995,30.20238654171656,30.101565546135618,30.18740232574011,18608
2024-08-09,30.720549683857143,30.720549683857143,30.581598166806153,30.69576675584944,194165
2024-08-10,30.799530439997458,30.8513771697949,30.682442514237323,30.794378633537356,193802
2024-08-11,31.244402328333006,31.244402328333006,31.195242655531274,31.205943607810106,154934
2024-08-12,31.842654770851524,32.02045736603658,31.771155699174244,31.773604896074897,112954
2024-08-13,32.03205856608401,32.150974747097834,31.786313033517207,32.05549258839634,79932
2024-08-14,33.151718591296415,33.21402252959271,33.151718591296415,33.1662183724744,49524
2024-08-15,32.783402957253074,32.783402957253074,32.51635630657339,32.7581661313288,171556
2024-08-16,33.23294344585131,33.32110435877751,33.10688466262223,33.15781456771219,55470
2024-08-17,32.939447929399456,33.201008649367516,32.939447929399456,32.99995714474653,114081
2024-08-18,33.92852210173959,34.116787510313735,33.92852210173959,33.931473712880084,170198
2024-08-19,34.68885008914169,34.94402123301623,34.45249286233781,34.80808243152148,145546
2024-08-20,33.89647948742958,34.0640678047513,33.71336390963985,33.80255684274319,79802
2024-08-21,33.21560796691775,33.55120118758179,33.21560796691775,33.31485695271885,178139
2024-08-22,33.62454599573477,33.77271787019146,33.62454599573477,33.64848880558471,28495
2024-08-23,34.07204037901873,34.250540534910435,34.016710831228615,34.04952743830884,120233
2024-08-24,34.537558520908014,34.537558520908014,34.26153601013279,34.427808253464754,151092
2024-08-25,34.389358283898844,34.47688581168851,34.20183059649368,34.39123162806549,190000
2024-08-26,34.61638906742349,34.901073139444236,34.401542137403624,34.6268173483021,197762
2024-08-27,34.91008884101523,34.97311401808238,34.78329959273843,34.967664787849905,85688
2024-08-28,35.09770465311908,35.15040703177834,34.83711287260698,34.92684398650159,54114
2024-08-29,35.582643634077336,35.68387622866679,35.29884195144728,35.46921835470877,81964
2024-08-30,34.277438294307494,34.44427657168483,34.20730296771971,34.28722284642842,70735
2024-08-31,34.469715846596216,34.73298462748367,34.399392142707114,34.61474252315693,131640
2024-09-01,34.001179089423616,34.094162388775764,33.88210639807601,34.08198299071001,146099
2024-09-02,34.63573627282232,34.68438545653695,34.26019662625934,34.575628447280046,86942
2024-09-03,34.41373888628105,34.59733525669785,34.41373888628105,34.457228020279715,24908
2024-09-04,34.058194374527126,34.058194374527126,33.75995962932342,34.00089943699051,144415
2024-09-05,34.199672695440526,34.199672695440526,34.13261346891729,34.192130342537816,103177
2024-09-06,33.75751560697055,33.86710012281915,33.666835702012506,33.72790405274482,110935
2024-09-07,33.33448361238832,33.559934919182204,32.96261959613122,33.269264730649915,172585
2024-09-08,32.54485268067879,32.60185062641029,32.12413338979542,32.49624598064476,151054
2024-09-09,32.39989327514075,32.66241401939255,32.22293110677279,32.483230061471026,121099
2024-09-10,32.694221270643666,32.72687482713393,32.681737117169185,32.726210817412515,166899
2024-09-11,33.350845012799205,33.350845012799205,33.22429251738506,33.23228026451148,187225
2024-09-12,33.12039348866079,33.2411966361849,33.12039348866079,33.16170620805355,117815
2024-09-13,33.63910421286499,33.99515081784829,33.63910421286499,33.68705405464049,65759
2024-09-14,33.80386074998755,33.927340285915044,33.59485221419101,33.69613106242853,183737
2024-09-15,33.63293524552552,33.73974777198851,33.29527563267623,33.649012124297926,73983
2024-09-16,33.88865344766926,33.954892262764226,33.88865344766926,33.939758439548186,158412
2024-09-17,34.34600170927573,34.703838451442294,34.34013782970851,34.48288224670094,167497
2024-09-18,34.349518635665405,34.349518635665405,34.095194626301875,34.306729056184174,172840
2024-09-19,34.2073287944455,34.2073287944455,34.08799729692101,34.18151814900668,161316
2024-09-20,34.24236117941273,34.56008802804873,34.07820643997263,34.09915561388909,13702
2024-09-21,34.14702652938955,34.158174075869496,34.096048197542466,34.1415172653443,159727
2024-09-22,33.78909426041479,34.03603803446149,33.43850630973224,33.68349772544923,12933
2024-09-23,34.12429030580668,34.32187566556848,34.12429030580668,34.20692560331998,145378
2024-09-24,34.01922885208998,34.02119015886266,33.6593769658268,34.00208961906812,130577
2024-09-25,34.16919152164271,34.45379230833224,34.05823690848063,34.23877021339427,169982
2024-09-26,33.83507295704871,33.96407031013942,33.53217080650056,33.81743660574229,73259
